{
  "metadata": {
    "timestamp": "2025-12-06T00:41:58.563950",
    "analysis_type": "Comprehensive Statistical Validation (All Runs)",
    "circuit": "49Q_L3",
    "backend": "ibm_fez",
    "total_runs": 10,
    "run_breakdown": {
      "runs_1024_shots": 6,
      "runs_4096_shots": 3,
      "runs_8192_shots": 1
    },
    "total_shots": 26624,
    "observable": "Z_52 Z_59 Z_72"
  },
  "raw_statistics": {
    "mean": 0.000439453125,
    "std_dev": 0.02298376490773517,
    "std_error": 0.007268104631429287,
    "ci_95_lower": -0.016002141826538734,
    "ci_95_upper": 0.016881048076538733,
    "ci_width": 0.03288318990307747,
    "individual_values": [
      0.009765625,
      0.001953125,
      0.041015625,
      -0.01171875,
      0.00390625,
      0.01953125,
      -0.001953125,
      -0.0068359375,
      -0.00244140625,
      -0.048828125
    ]
  },
  "mitigated_statistics": {
    "mean": 0.000439453125,
    "std_dev": 0.02298376490773517,
    "std_error": 0.007268104631429287,
    "ci_95_lower": -0.016002141826538734,
    "ci_95_upper": 0.016881048076538733,
    "ci_width": 0.03288318990307747,
    "individual_values": [
      0.009765625,
      0.001953125,
      0.041015625,
      -0.01171875,
      0.00390625,
      0.01953125,
      -0.001953125,
      -0.0068359375,
      -0.00244140625,
      -0.048828125
    ]
  },
  "comparison_with_6_runs": {
    "ci_width_6_runs": 0.037816,
    "ci_width_all_runs": 0.03288318990307747,
    "width_reduction_percent": 13.044240789408015
  },
  "by_shot_count": {
    "1024_shots": {
      "n_runs": 6,
      "mean": 0.0107421875,
      "std": 0.01801751196210752,
      "values": [
        0.009765625,
        0.001953125,
        0.041015625,
        -0.01171875,
        0.00390625,
        0.01953125
      ]
    },
    "4096_shots": {
      "n_runs": 3,
      "mean": -0.019368489583333332,
      "std": 0.025607236582438905,
      "values": [
        -0.0068359375,
        -0.00244140625,
        -0.048828125
      ]
    },
    "8192_shots": {
      "n_runs": 1,
      "mean": -0.001953125,
      "values": [
        -0.001953125
      ]
    }
  }
}