{
  "metadata": {
    "timestamp": "2025-12-05T21:51:26.511445",
    "circuit": "49Q_L3",
    "backend": "ibm_fez",
    "shots": 1024,
    "n_runs": 5,
    "observable": "Z_52 Z_59 Z_72",
    "method": "H2Q Thermodynamic Error Mitigation",
    "patent": "US Provisional 63/927,371"
  },
  "results": {
    "raw": {
      "mean": 0.008984375,
      "ci_lower": -0.01530322459805589,
      "ci_upper": 0.03327197459805589,
      "all_values": [
        0.009765625,
        0.001953125,
        0.041015625,
        -0.01171875,
        0.00390625
      ]
    },
    "mitigated": {
      "mean": 0.008984375,
      "ci_lower": -0.01530322459805589,
      "ci_upper": 0.03327197459805589,
      "all_values": [
        0.009765625,
        0.001953125,
        0.041015625,
        -0.01171875,
        0.00390625
      ]
    },
    "kept_fraction": {
      "mean": 1.0,
      "std": 0.0
    },
    "entropy_reduction": {
      "mean": 0.0,
      "std": 0.0
    },
    "n_runs": 5
  },
  "h2q_config": {
    "theta_on": 0.8,
    "theta_off": 0.2,
    "tau": 10
  }
}