{
  "metadata": {
    "timestamp": "2025-12-05T20:38:25.082810",
    "circuit": "49Q_L3",
    "backend": "ibm_fez",
    "shots": 1024,
    "n_runs": 5,
    "observable": "Z_52 Z_59 Z_72",
    "method": "H2Q Thermodynamic Error Mitigation",
    "patent": "US Provisional 63/927,371"
  },
  "results": {
    "raw": {
      "mean": 0.021875,
      "ci_lower": -0.017319101624309198,
      "ci_upper": 0.061069101624309195,
      "all_values": [
        0.00390625,
        0.07421875,
        -0.0078125,
        0.0234375,
        0.015625
      ]
    },
    "mitigated": {
      "mean": 0.021875,
      "ci_lower": -0.017319101624309198,
      "ci_upper": 0.061069101624309195,
      "all_values": [
        0.00390625,
        0.07421875,
        -0.0078125,
        0.0234375,
        0.015625
      ]
    },
    "kept_fraction": {
      "mean": 1.0,
      "std": 0.0
    },
    "entropy_reduction": {
      "mean": 0.0,
      "std": 0.0
    },
    "n_runs": 5
  },
  "h2q_config": {
    "theta_on": 0.8,
    "theta_off": 0.2,
    "tau": 10
  }
}