{
  "metadata": {
    "timestamp": "2025-12-06T00:52:17.312420",
    "circuit": "49Q_L3",
    "backend": "ibm_fez",
    "shots": 4096,
    "n_runs": 1,
    "observable": "Z_52 Z_59 Z_72",
    "method": "H2Q Thermodynamic Error Mitigation",
    "patent": "US Provisional 63/927,371"
  },
  "results": {
    "raw": {
      "mean": -0.03759765625,
      "ci_lower": -0.03759765625,
      "ci_upper": -0.03759765625,
      "all_values": [
        -0.03759765625
      ]
    },
    "mitigated": {
      "mean": -0.03759765625,
      "ci_lower": -0.03759765625,
      "ci_upper": -0.03759765625,
      "all_values": [
        -0.03759765625
      ]
    },
    "kept_fraction": {
      "mean": 1.0,
      "std": 0.0
    },
    "entropy_reduction": {
      "mean": 0.0,
      "std": 0.0
    },
    "n_runs": 1
  },
  "h2q_config": {
    "theta_on": 0.8,
    "theta_off": 0.2,
    "tau": 10
  }
}