{
  "observable_estimate": -0.43243243243243246,
  "error_bound_low": -0.9021645030338068,
  "error_bound_high": 0.03729963816894183,
  "quantum_runtime_sec": 0.009270191192626953,
  "classical_runtime_sec": 0.12278270721435547,
  "hardware": "aer_simulator",
  "mode": "simulation",
  "qubits": 10,
  "timestamp": "2025-12-05T08:30:48.245533"
}