{
  "circuit_model": "operator_loschmidt_echo_49q_l3",
  "observable": "Z_52 Z_59 Z_72",
  "backend": "ibm_fez",
  "shots_per_run": 1024,
  "n_runs": 5,
  "result_unmitigated": {
    "value": 0.008984375,
    "error_lower": 0.02428759959805589,
    "error_upper": 0.024287599598055893
  },
  "result_h2q_mitigated": {
    "value": 0.008984375,
    "error_lower": 0.02428759959805589,
    "error_upper": 0.024287599598055893
  },
  "improvement": {
    "description": "H2Q thermodynamic error mitigation",
    "kept_fraction": 1.0,
    "entropy_reduction_bits": 0.0
  },
  "timestamp": "2025-12-05T21:51:26.511798"
}